time,component_id,component_type,action,values,PDV,addition
3,42d72e61-314c-4bf7-b781-b3124da9ebb7,generator,IN,"{'input_count': 1, 'run_count': 1, 'out_time': 3}","{'containerId': '536adaf7f2504ddc98eaf97fde9f1518', 'types': {'e9c9bb7a-8d3c-4c62-ac96-d6a62560f260': {'typeName': 'soda', 'genComponentId': '42d72e61-314c-4bf7-b781-b3124da9ebb7', 'attributes': {'amount': {'type': 'number', 'value': 200}, 'unit': {'type': 'string', 'value': 'ml'}, 'ph': {'type': 'number', 'value': 2.8}, 'Brix': {'type': 'number', 'value': 11.6}}}}}",
3,42d72e61-314c-4bf7-b781-b3124da9ebb7,generator,GENERATE,"{'input_count': 1, 'run_count': 1, 'out_time': 3}","{'containerId': '536adaf7f2504ddc98eaf97fde9f1518', 'types': {'e9c9bb7a-8d3c-4c62-ac96-d6a62560f260': {'typeName': 'soda', 'genComponentId': '42d72e61-314c-4bf7-b781-b3124da9ebb7', 'attributes': {'amount': {'type': 'number', 'value': 200}, 'unit': {'type': 'string', 'value': 'ml'}, 'ph': {'type': 'number', 'value': 2.8}, 'Brix': {'type': 'number', 'value': 11.6}}}}}",
3,42d72e61-314c-4bf7-b781-b3124da9ebb7,generator,OUT,"{'input_count': 1, 'run_count': 1, 'out_time': 3}","{'containerId': '536adaf7f2504ddc98eaf97fde9f1518', 'types': {'e9c9bb7a-8d3c-4c62-ac96-d6a62560f260': {'typeName': 'soda', 'genComponentId': '42d72e61-314c-4bf7-b781-b3124da9ebb7', 'attributes': {'amount': {'type': 'number', 'value': 200}, 'unit': {'type': 'string', 'value': 'ml'}, 'ph': {'type': 'number', 'value': 2.8}, 'Brix': {'type': 'number', 'value': 11.6}}}}}",
7,42d72e61-314c-4bf7-b781-b3124da9ebb7,generator,IN,"{'input_count': 2, 'run_count': 2, 'out_time': 7}","{'containerId': '0e86fff4ffaa4e93895d8961ca1eda1d', 'types': {'e9c9bb7a-8d3c-4c62-ac96-d6a62560f260': {'typeName': 'soda', 'genComponentId': '42d72e61-314c-4bf7-b781-b3124da9ebb7', 'attributes': {'amount': {'type': 'number', 'value': 200}, 'unit': {'type': 'string', 'value': 'ml'}, 'ph': {'type': 'number', 'value': 4.4}, 'Brix': {'type': 'number', 'value': 11.0}}}}}",
7,42d72e61-314c-4bf7-b781-b3124da9ebb7,generator,GENERATE,"{'input_count': 2, 'run_count': 2, 'out_time': 7}","{'containerId': '0e86fff4ffaa4e93895d8961ca1eda1d', 'types': {'e9c9bb7a-8d3c-4c62-ac96-d6a62560f260': {'typeName': 'soda', 'genComponentId': '42d72e61-314c-4bf7-b781-b3124da9ebb7', 'attributes': {'amount': {'type': 'number', 'value': 200}, 'unit': {'type': 'string', 'value': 'ml'}, 'ph': {'type': 'number', 'value': 4.4}, 'Brix': {'type': 'number', 'value': 11.0}}}}}",
7,42d72e61-314c-4bf7-b781-b3124da9ebb7,generator,OUT,"{'input_count': 2, 'run_count': 2, 'out_time': 7}","{'containerId': '0e86fff4ffaa4e93895d8961ca1eda1d', 'types': {'e9c9bb7a-8d3c-4c62-ac96-d6a62560f260': {'typeName': 'soda', 'genComponentId': '42d72e61-314c-4bf7-b781-b3124da9ebb7', 'attributes': {'amount': {'type': 'number', 'value': 200}, 'unit': {'type': 'string', 'value': 'ml'}, 'ph': {'type': 'number', 'value': 4.4}, 'Brix': {'type': 'number', 'value': 11.0}}}}}",
12,42d72e61-314c-4bf7-b781-b3124da9ebb7,generator,IN,"{'input_count': 3, 'run_count': 3, 'out_time': 12}","{'containerId': '57dce699b04d40d98e58909c4c470123', 'types': {'e9c9bb7a-8d3c-4c62-ac96-d6a62560f260': {'typeName': 'soda', 'genComponentId': '42d72e61-314c-4bf7-b781-b3124da9ebb7', 'attributes': {'amount': {'type': 'number', 'value': 200}, 'unit': {'type': 'string', 'value': 'ml'}, 'ph': {'type': 'number', 'value': 2.9}, 'Brix': {'type': 'number', 'value': 11.7}}}}}",
12,42d72e61-314c-4bf7-b781-b3124da9ebb7,generator,GENERATE,"{'input_count': 3, 'run_count': 3, 'out_time': 12}","{'containerId': '57dce699b04d40d98e58909c4c470123', 'types': {'e9c9bb7a-8d3c-4c62-ac96-d6a62560f260': {'typeName': 'soda', 'genComponentId': '42d72e61-314c-4bf7-b781-b3124da9ebb7', 'attributes': {'amount': {'type': 'number', 'value': 200}, 'unit': {'type': 'string', 'value': 'ml'}, 'ph': {'type': 'number', 'value': 2.9}, 'Brix': {'type': 'number', 'value': 11.7}}}}}",
12,42d72e61-314c-4bf7-b781-b3124da9ebb7,generator,OUT,"{'input_count': 3, 'run_count': 3, 'out_time': 12}","{'containerId': '57dce699b04d40d98e58909c4c470123', 'types': {'e9c9bb7a-8d3c-4c62-ac96-d6a62560f260': {'typeName': 'soda', 'genComponentId': '42d72e61-314c-4bf7-b781-b3124da9ebb7', 'attributes': {'amount': {'type': 'number', 'value': 200}, 'unit': {'type': 'string', 'value': 'ml'}, 'ph': {'type': 'number', 'value': 2.9}, 'Brix': {'type': 'number', 'value': 11.7}}}}}",
15,42d72e61-314c-4bf7-b781-b3124da9ebb7,generator,IN,"{'input_count': 4, 'run_count': 4, 'out_time': 15}","{'containerId': '49e7de60bcb941009a66de5676bf4e63', 'types': {'e9c9bb7a-8d3c-4c62-ac96-d6a62560f260': {'typeName': 'soda', 'genComponentId': '42d72e61-314c-4bf7-b781-b3124da9ebb7', 'attributes': {'amount': {'type': 'number', 'value': 200}, 'unit': {'type': 'string', 'value': 'ml'}, 'ph': {'type': 'number', 'value': 3.9}, 'Brix': {'type': 'number', 'value': 10.9}}}}}",
15,42d72e61-314c-4bf7-b781-b3124da9ebb7,generator,GENERATE,"{'input_count': 4, 'run_count': 4, 'out_time': 15}","{'containerId': '49e7de60bcb941009a66de5676bf4e63', 'types': {'e9c9bb7a-8d3c-4c62-ac96-d6a62560f260': {'typeName': 'soda', 'genComponentId': '42d72e61-314c-4bf7-b781-b3124da9ebb7', 'attributes': {'amount': {'type': 'number', 'value': 200}, 'unit': {'type': 'string', 'value': 'ml'}, 'ph': {'type': 'number', 'value': 3.9}, 'Brix': {'type': 'number', 'value': 10.9}}}}}",
15,42d72e61-314c-4bf7-b781-b3124da9ebb7,generator,OUT,"{'input_count': 4, 'run_count': 4, 'out_time': 15}","{'containerId': '49e7de60bcb941009a66de5676bf4e63', 'types': {'e9c9bb7a-8d3c-4c62-ac96-d6a62560f260': {'typeName': 'soda', 'genComponentId': '42d72e61-314c-4bf7-b781-b3124da9ebb7', 'attributes': {'amount': {'type': 'number', 'value': 200}, 'unit': {'type': 'string', 'value': 'ml'}, 'ph': {'type': 'number', 'value': 3.9}, 'Brix': {'type': 'number', 'value': 10.9}}}}}",
18,42d72e61-314c-4bf7-b781-b3124da9ebb7,generator,IN,"{'input_count': 5, 'run_count': 5, 'out_time': 18}","{'containerId': 'dc32d032d5db4d8392a25eedfb21b399', 'types': {'e9c9bb7a-8d3c-4c62-ac96-d6a62560f260': {'typeName': 'soda', 'genComponentId': '42d72e61-314c-4bf7-b781-b3124da9ebb7', 'attributes': {'amount': {'type': 'number', 'value': 200}, 'unit': {'type': 'string', 'value': 'ml'}, 'ph': {'type': 'number', 'value': 3.2}, 'Brix': {'type': 'number', 'value': 11.8}}}}}",
18,42d72e61-314c-4bf7-b781-b3124da9ebb7,generator,GENERATE,"{'input_count': 5, 'run_count': 5, 'out_time': 18}","{'containerId': 'dc32d032d5db4d8392a25eedfb21b399', 'types': {'e9c9bb7a-8d3c-4c62-ac96-d6a62560f260': {'typeName': 'soda', 'genComponentId': '42d72e61-314c-4bf7-b781-b3124da9ebb7', 'attributes': {'amount': {'type': 'number', 'value': 200}, 'unit': {'type': 'string', 'value': 'ml'}, 'ph': {'type': 'number', 'value': 3.2}, 'Brix': {'type': 'number', 'value': 11.8}}}}}",
18,42d72e61-314c-4bf7-b781-b3124da9ebb7,generator,OUT,"{'input_count': 5, 'run_count': 5, 'out_time': 18}","{'containerId': 'dc32d032d5db4d8392a25eedfb21b399', 'types': {'e9c9bb7a-8d3c-4c62-ac96-d6a62560f260': {'typeName': 'soda', 'genComponentId': '42d72e61-314c-4bf7-b781-b3124da9ebb7', 'attributes': {'amount': {'type': 'number', 'value': 200}, 'unit': {'type': 'string', 'value': 'ml'}, 'ph': {'type': 'number', 'value': 3.2}, 'Brix': {'type': 'number', 'value': 11.8}}}}}",
21,42d72e61-314c-4bf7-b781-b3124da9ebb7,generator,IN,"{'input_count': 6, 'run_count': 6, 'out_time': 21}","{'containerId': '7a2619deef6c4fafb3dd0bfe8c2692d3', 'types': {'e9c9bb7a-8d3c-4c62-ac96-d6a62560f260': {'typeName': 'soda', 'genComponentId': '42d72e61-314c-4bf7-b781-b3124da9ebb7', 'attributes': {'amount': {'type': 'number', 'value': 200}, 'unit': {'type': 'string', 'value': 'ml'}, 'ph': {'type': 'number', 'value': 3.3}, 'Brix': {'type': 'number', 'value': 12.0}}}}}",
21,42d72e61-314c-4bf7-b781-b3124da9ebb7,generator,GENERATE,"{'input_count': 6, 'run_count': 6, 'out_time': 21}","{'containerId': '7a2619deef6c4fafb3dd0bfe8c2692d3', 'types': {'e9c9bb7a-8d3c-4c62-ac96-d6a62560f260': {'typeName': 'soda', 'genComponentId': '42d72e61-314c-4bf7-b781-b3124da9ebb7', 'attributes': {'amount': {'type': 'number', 'value': 200}, 'unit': {'type': 'string', 'value': 'ml'}, 'ph': {'type': 'number', 'value': 3.3}, 'Brix': {'type': 'number', 'value': 12.0}}}}}",
21,42d72e61-314c-4bf7-b781-b3124da9ebb7,generator,OUT,"{'input_count': 6, 'run_count': 6, 'out_time': 21}","{'containerId': '7a2619deef6c4fafb3dd0bfe8c2692d3', 'types': {'e9c9bb7a-8d3c-4c62-ac96-d6a62560f260': {'typeName': 'soda', 'genComponentId': '42d72e61-314c-4bf7-b781-b3124da9ebb7', 'attributes': {'amount': {'type': 'number', 'value': 200}, 'unit': {'type': 'string', 'value': 'ml'}, 'ph': {'type': 'number', 'value': 3.3}, 'Brix': {'type': 'number', 'value': 12.0}}}}}",
26,42d72e61-314c-4bf7-b781-b3124da9ebb7,generator,IN,"{'input_count': 7, 'run_count': 7, 'out_time': 26}","{'containerId': '8eed0737f7654e7a98051e30b6502bc7', 'types': {'e9c9bb7a-8d3c-4c62-ac96-d6a62560f260': {'typeName': 'soda', 'genComponentId': '42d72e61-314c-4bf7-b781-b3124da9ebb7', 'attributes': {'amount': {'type': 'number', 'value': 200}, 'unit': {'type': 'string', 'value': 'ml'}, 'ph': {'type': 'number', 'value': 4.5}, 'Brix': {'type': 'number', 'value': 11.1}}}}}",
26,42d72e61-314c-4bf7-b781-b3124da9ebb7,generator,GENERATE,"{'input_count': 7, 'run_count': 7, 'out_time': 26}","{'containerId': '8eed0737f7654e7a98051e30b6502bc7', 'types': {'e9c9bb7a-8d3c-4c62-ac96-d6a62560f260': {'typeName': 'soda', 'genComponentId': '42d72e61-314c-4bf7-b781-b3124da9ebb7', 'attributes': {'amount': {'type': 'number', 'value': 200}, 'unit': {'type': 'string', 'value': 'ml'}, 'ph': {'type': 'number', 'value': 4.5}, 'Brix': {'type': 'number', 'value': 11.1}}}}}",
26,42d72e61-314c-4bf7-b781-b3124da9ebb7,generator,OUT,"{'input_count': 7, 'run_count': 7, 'out_time': 26}","{'containerId': '8eed0737f7654e7a98051e30b6502bc7', 'types': {'e9c9bb7a-8d3c-4c62-ac96-d6a62560f260': {'typeName': 'soda', 'genComponentId': '42d72e61-314c-4bf7-b781-b3124da9ebb7', 'attributes': {'amount': {'type': 'number', 'value': 200}, 'unit': {'type': 'string', 'value': 'ml'}, 'ph': {'type': 'number', 'value': 4.5}, 'Brix': {'type': 'number', 'value': 11.1}}}}}",
31,42d72e61-314c-4bf7-b781-b3124da9ebb7,generator,IN,"{'input_count': 8, 'run_count': 8, 'out_time': 31}","{'containerId': '05d1858ea05f464880b14ff8515b6392', 'types': {'e9c9bb7a-8d3c-4c62-ac96-d6a62560f260': {'typeName': 'soda', 'genComponentId': '42d72e61-314c-4bf7-b781-b3124da9ebb7', 'attributes': {'amount': {'type': 'number', 'value': 200}, 'unit': {'type': 'string', 'value': 'ml'}, 'ph': {'type': 'number', 'value': 3.4}, 'Brix': {'type': 'number', 'value': 11.7}}}}}",
31,42d72e61-314c-4bf7-b781-b3124da9ebb7,generator,GENERATE,"{'input_count': 8, 'run_count': 8, 'out_time': 31}","{'containerId': '05d1858ea05f464880b14ff8515b6392', 'types': {'e9c9bb7a-8d3c-4c62-ac96-d6a62560f260': {'typeName': 'soda', 'genComponentId': '42d72e61-314c-4bf7-b781-b3124da9ebb7', 'attributes': {'amount': {'type': 'number', 'value': 200}, 'unit': {'type': 'string', 'value': 'ml'}, 'ph': {'type': 'number', 'value': 3.4}, 'Brix': {'type': 'number', 'value': 11.7}}}}}",
31,42d72e61-314c-4bf7-b781-b3124da9ebb7,generator,OUT,"{'input_count': 8, 'run_count': 8, 'out_time': 31}","{'containerId': '05d1858ea05f464880b14ff8515b6392', 'types': {'e9c9bb7a-8d3c-4c62-ac96-d6a62560f260': {'typeName': 'soda', 'genComponentId': '42d72e61-314c-4bf7-b781-b3124da9ebb7', 'attributes': {'amount': {'type': 'number', 'value': 200}, 'unit': {'type': 'string', 'value': 'ml'}, 'ph': {'type': 'number', 'value': 3.4}, 'Brix': {'type': 'number', 'value': 11.7}}}}}",
35,42d72e61-314c-4bf7-b781-b3124da9ebb7,generator,IN,"{'input_count': 9, 'run_count': 9, 'out_time': 35}","{'containerId': '1e729451ed714bc89efce74de0b1f998', 'types': {'e9c9bb7a-8d3c-4c62-ac96-d6a62560f260': {'typeName': 'soda', 'genComponentId': '42d72e61-314c-4bf7-b781-b3124da9ebb7', 'attributes': {'amount': {'type': 'number', 'value': 200}, 'unit': {'type': 'string', 'value': 'ml'}, 'ph': {'type': 'number', 'value': 3.4}, 'Brix': {'type': 'number', 'value': 11.4}}}}}",
35,42d72e61-314c-4bf7-b781-b3124da9ebb7,generator,GENERATE,"{'input_count': 9, 'run_count': 9, 'out_time': 35}","{'containerId': '1e729451ed714bc89efce74de0b1f998', 'types': {'e9c9bb7a-8d3c-4c62-ac96-d6a62560f260': {'typeName': 'soda', 'genComponentId': '42d72e61-314c-4bf7-b781-b3124da9ebb7', 'attributes': {'amount': {'type': 'number', 'value': 200}, 'unit': {'type': 'string', 'value': 'ml'}, 'ph': {'type': 'number', 'value': 3.4}, 'Brix': {'type': 'number', 'value': 11.4}}}}}",
35,42d72e61-314c-4bf7-b781-b3124da9ebb7,generator,OUT,"{'input_count': 9, 'run_count': 9, 'out_time': 35}","{'containerId': '1e729451ed714bc89efce74de0b1f998', 'types': {'e9c9bb7a-8d3c-4c62-ac96-d6a62560f260': {'typeName': 'soda', 'genComponentId': '42d72e61-314c-4bf7-b781-b3124da9ebb7', 'attributes': {'amount': {'type': 'number', 'value': 200}, 'unit': {'type': 'string', 'value': 'ml'}, 'ph': {'type': 'number', 'value': 3.4}, 'Brix': {'type': 'number', 'value': 11.4}}}}}",
40,42d72e61-314c-4bf7-b781-b3124da9ebb7,generator,IN,"{'input_count': 10, 'run_count': 10, 'out_time': 40}","{'containerId': '6c894f86181a47c18f87ed4f7dc8a350', 'types': {'e9c9bb7a-8d3c-4c62-ac96-d6a62560f260': {'typeName': 'soda', 'genComponentId': '42d72e61-314c-4bf7-b781-b3124da9ebb7', 'attributes': {'amount': {'type': 'number', 'value': 200}, 'unit': {'type': 'string', 'value': 'ml'}, 'ph': {'type': 'number', 'value': 3.8}, 'Brix': {'type': 'number', 'value': 13.0}}}}}",
40,42d72e61-314c-4bf7-b781-b3124da9ebb7,generator,GENERATE,"{'input_count': 10, 'run_count': 10, 'out_time': 40}","{'containerId': '6c894f86181a47c18f87ed4f7dc8a350', 'types': {'e9c9bb7a-8d3c-4c62-ac96-d6a62560f260': {'typeName': 'soda', 'genComponentId': '42d72e61-314c-4bf7-b781-b3124da9ebb7', 'attributes': {'amount': {'type': 'number', 'value': 200}, 'unit': {'type': 'string', 'value': 'ml'}, 'ph': {'type': 'number', 'value': 3.8}, 'Brix': {'type': 'number', 'value': 13.0}}}}}",
40,42d72e61-314c-4bf7-b781-b3124da9ebb7,generator,OUT,"{'input_count': 10, 'run_count': 10, 'out_time': 40}","{'containerId': '6c894f86181a47c18f87ed4f7dc8a350', 'types': {'e9c9bb7a-8d3c-4c62-ac96-d6a62560f260': {'typeName': 'soda', 'genComponentId': '42d72e61-314c-4bf7-b781-b3124da9ebb7', 'attributes': {'amount': {'type': 'number', 'value': 200}, 'unit': {'type': 'string', 'value': 'ml'}, 'ph': {'type': 'number', 'value': 3.8}, 'Brix': {'type': 'number', 'value': 13.0}}}}}",
